[{"fileName":"id_1608309301116_0_propertyChange","fileType":"change","changeType":"propertyChange","moduleName":"","reference":"termanico.zraptravel1804","packageName":"","content":{"property":"useExportToExcel","newValue":true},"selector":{"id":"termanico.zraptravel1804::sap.suite.ui.generic.template.ListReport.view.ListReport::Travel--listReport","idIsLocal":false,"type":"sap.ui.comp.smarttable.SmartTable"},"layer":"VENDOR","texts":{},"namespace":"apps/termanico.zraptravel1804/changes/","projectId":"termanico.zraptravel1804","creation":1608309301116,"originalLanguage":"","support":{"generator":"changeUtils: SAPFioriTools","service":"","user":"","sapui5Version":"latest","sourceChangeFileName":"","compositeCommand":""},"oDataInformation":{},"dependentSelector":{},"validAppVersions":{"from":"1.0.0","to":"1.0.0","creation":"1.0.0"},"jsOnly":false,"variantReference":"","appDescriptorChange":false},{"fileName":"id_1608309315630_2_propertyChange","fileType":"change","changeType":"propertyChange","moduleName":"","reference":"termanico.zraptravel1804","packageName":"","content":{"property":"liveMode","newValue":true},"selector":{"id":"termanico.zraptravel1804::sap.suite.ui.generic.template.ListReport.view.ListReport::Travel--listReportFilter","idIsLocal":false,"type":"sap.ui.comp.smartfilterbar.SmartFilterBar"},"layer":"VENDOR","texts":{},"namespace":"apps/termanico.zraptravel1804/changes/","projectId":"termanico.zraptravel1804","creation":1608309315630,"originalLanguage":"","support":{"generator":"changeUtils: SAPFioriTools","service":"","user":"","sapui5Version":"latest","sourceChangeFileName":"","compositeCommand":""},"oDataInformation":{},"dependentSelector":{},"validAppVersions":{"from":"1.0.0","to":"1.0.0","creation":"1.0.0"},"jsOnly":false,"variantReference":"","appDescriptorChange":false},{"fileName":"id_1608309491466_5_propertyChange","fileType":"change","changeType":"propertyChange","moduleName":"","reference":"termanico.zraptravel1804","packageName":"","content":{"property":"editable","newValue":false},"selector":{"id":"termanico.zraptravel1804::sap.suite.ui.generic.template.ObjectPage.view.Details::Travel--Booking::Table","idIsLocal":false,"type":"sap.ui.comp.smarttable.SmartTable"},"layer":"VENDOR","texts":{},"namespace":"apps/termanico.zraptravel1804/changes/","projectId":"termanico.zraptravel1804","creation":1608309491466,"originalLanguage":"","support":{"generator":"changeUtils: SAPFioriTools","service":"","user":"","sapui5Version":"latest","sourceChangeFileName":"","compositeCommand":""},"oDataInformation":{},"dependentSelector":{},"validAppVersions":{"from":"1.0.0","to":"1.0.0","creation":"1.0.0"},"jsOnly":false,"variantReference":"","appDescriptorChange":false},{"fileName":"id_1608309903248_8_propertyChange","fileType":"change","changeType":"propertyChange","moduleName":"","reference":"termanico.zraptravel1804","packageName":"","content":{"property":"useIconTabBar","newValue":true},"selector":{"id":"termanico.zraptravel1804::sap.suite.ui.generic.template.ObjectPage.view.Details::Travel--objectPage","idIsLocal":false,"type":"sap.uxap.ObjectPageLayout"},"layer":"VENDOR","texts":{},"namespace":"apps/termanico.zraptravel1804/changes/","projectId":"termanico.zraptravel1804","creation":1608309903248,"originalLanguage":"","support":{"generator":"changeUtils: SAPFioriTools","service":"","user":"","sapui5Version":"latest","sourceChangeFileName":"","compositeCommand":""},"oDataInformation":{},"dependentSelector":{},"validAppVersions":{"from":"1.0.0","to":"1.0.0","creation":"1.0.0"},"jsOnly":false,"variantReference":"","appDescriptorChange":false}]